GID_2,State,LGA,Population_2014,Poverty_Rate,Poverty_Count_2014
NGA.1.1_1,Abia,Aba North,257689,0.0173775,9661
NGA.1.2_1,Abia,Aba South,405791,0.0944801,16070
NGA.1.3_1,Abia,Arochukw,193250,0.175241,40022
NGA.1.4_1,Abia,Bende,244399,0.129469,39410
NGA.1.5_1,Abia,Ikwuano,139157,0.111351,12145
NGA.1.6_1,Abia,Isiala Ngwa North,158954,0.124162,18540
NGA.1.7_1,Abia,Isiala Ngwa South,144415,0.12644,18482
NGA.1.8_1,Abia,Isuikwua,113332,0.206315,24136
NGA.1.9_1,Abia,Oboma Ngwa,378984,0.162597,35355
NGA.1.10_1,Abia,Ohafia Abia,332369,0.220334,78773
NGA.1.11_1,Abia,Osisioma Ngwa,287069,0.0850613,11821
NGA.1.12_1,Abia,Ugwunagbo,84370,0.170354,13327
NGA.1.13_1,Abia,Ukwa East,56352,0.227207,11508
NGA.1.14_1,Abia,Ukwa West,156771,0.144136,19918
NGA.1.15_1,Abia,Umu-Nneochi,201146,0.394745,76367
NGA.1.16_1,Abia,Umuahia North,482756,0.0604663,16819
NGA.1.17_1,Abia,Umuahia South,92493,0.0865288,7170
NGA.2.1_1,Adamawa,Demsa,451803,0.664365,226943
NGA.2.2_1,Adamawa,Fufore,257235,0.491797,124454
NGA.2.3_1,Adamawa,Ganye,206888,0.504603,104725
NGA.2.4_1,Adamawa,Girie,142773,0.692791,94927
NGA.2.5_1,Adamawa,Gombi,120329,0.508513,64166
NGA.2.6_1,Adamawa,Guyuk,140047,0.468413,69220
NGA.2.7_1,Adamawa,Hong,317645,0.567477,160893
NGA.2.8_1,Adamawa,Jada,108213,0.468202,50704
NGA.2.9_1,Adamawa,Lamurde,132496,0.67222,83462
NGA.2.10_1,Adamawa,Madagali,97122,0.524867,50138
NGA.2.11_1,Adamawa,Maiha,75226,0.334905,21740
NGA.2.12_1,Adamawa,Mayo-Bel,211825,0.603694,126109
NGA.2.13_1,Adamawa,Michika,134314,0.605603,78429
NGA.2.14_1,Adamawa,Mubi North,161856,0.49383,66752
NGA.2.15_1,Adamawa,Mubi South,61000,0.381297,22177
NGA.2.16_1,Adamawa,Numan,176587,0.741021,122486
NGA.2.17_1,Adamawa,Shelleng,157548,0.590021,92186
NGA.2.18_1,Adamawa,Song,257403,0.578292,151340
NGA.2.19_1,Adamawa,Teungo,58848,0.515555,28944
NGA.2.20_1,Adamawa,Yola North,146490,0.333192,36183
NGA.2.21_1,Adamawa,Yola South,127738,0.421964,44000
NGA.3.1_1,Akwa Ibom,Abak,153585,0.227546,33179
NGA.3.2_1,Akwa Ibom,Eastern Obolo,44572,0.453956,18945
NGA.3.3_1,Akwa Ibom,Eket,217099,0.203682,39834
NGA.3.4_1,Akwa Ibom,Esit Eket,63630,0.24833,16477
NGA.3.5_1,Akwa Ibom,Essien-U,211721,0.31112,65218
NGA.3.6_1,Akwa Ibom,EtimEkpo,102945,0.300045,29909
NGA.3.7_1,Akwa Ibom,Etinan,207677,0.361301,62785
NGA.3.8_1,Akwa Ibom,Ibeno,65768,0.279937,10654
NGA.3.9_1,Akwa Ibom,Ibesikpo Asutan,177257,0.365887,58252
NGA.3.10_1,Akwa Ibom,Ibiono Ibom,192333,0.294513,51365
NGA.3.11_1,Akwa Ibom,Ika,104599,0.257191,26358
NGA.3.12_1,Akwa Ibom,Ikono,156634,0.322678,51135
NGA.3.13_1,Akwa Ibom,Ikot-Aba,156699,0.399877,61249
NGA.3.14_1,Akwa Ibom,Ikot-Ekp,220185,0.287711,55311
NGA.3.15_1,Akwa Ibom,Ini,153330,0.236912,35295
NGA.3.16_1,Akwa Ibom,Itu,246942,0.245682,52586
NGA.3.17_1,Akwa Ibom,Mbo,115066,0.364176,41372
NGA.3.18_1,Akwa Ibom,Mkpat Enin,217979,0.46378,97476
NGA.3.19_1,Akwa Ibom,Nsit Atai,84427,0.423552,36389
NGA.3.20_1,Akwa Ibom,Nsit Ibom,99931,0.252779,26355
NGA.3.21_1,Akwa Ibom,Nsit Ubium,142094,0.414299,60274
NGA.3.22_1,Akwa Ibom,Obot Akara,153132,0.270073,39901
NGA.3.23_1,Akwa Ibom,Okobo,129512,0.370634,48718
NGA.3.24_1,Akwa Ibom,Onna,138859,0.408359,54720
NGA.3.25_1,Akwa Ibom,Oron,126888,0.354655,38780
NGA.3.26_1,Akwa Ibom,Oruk-Ana,185141,0.441223,79186
NGA.3.27_1,Akwa Ibom,Udung Uko,59209,0.271675,16410
NGA.3.28_1,Akwa Ibom,Ukanafun,165673,0.343031,53896
NGA.3.29_1,Akwa Ibom,Uruan,156836,0.403884,61672
NGA.3.30_1,Akwa Ibom,UrueOffo,77115,0.312526,24259
NGA.3.31_1,Akwa Ibom,Uyo,369437,0.175497,52466
NGA.4.1_1,Anambra,Aguata,448890,0.0499184,21662
NGA.4.2_1,Anambra,Anambra East,511010,0.172274,39023
NGA.4.3_1,Anambra,Anambra West,166637,0.283385,42610
NGA.4.4_1,Anambra,Anaocha,386118,0.0451305,16853
NGA.4.5_1,Anambra,AwkaNort,185090,0.14495,22996
NGA.4.6_1,Anambra,AwkaSout,342806,0.0410233,12352
NGA.4.7_1,Anambra,Ayamelum,193917,0.28355,55524
NGA.4.8_1,Anambra,Dunukofia,160814,0.0844126,13082
NGA.4.9_1,Anambra,Ekwusigo,184601,0.0756879,12259
NGA.4.10_1,Anambra,Idemili North,291388,0.0533404,14237
NGA.4.11_1,Anambra,Idemili South,258144,0.0515196,10907
NGA.4.12_1,Anambra,Ihiala,253694,0.144963,31314
NGA.4.13_1,Anambra,Njikoka,275194,0.0505555,14811
NGA.4.14_1,Anambra,NnewiNort,206316,0.0432129,7371
NGA.4.15_1,Anambra,NnewiSou,323340,0.0661333,23633
NGA.4.16_1,Anambra,Ogbaru,105489,0.0996213,10930
NGA.4.17_1,Anambra,Onitsha North,157180,0.0207305,3222
NGA.4.18_1,Anambra,Onitsha South,12742,0.0516625,583
NGA.4.19_1,Anambra,OrumbaNo,341556,0.133973,36834
NGA.4.20_1,Anambra,OrumbaSo,217738,0.240363,52872
NGA.4.21_1,Anambra,Oyi,413694,0.0578241,19793
NGA.5.1_1,Bauchi,Alkaleri,427773,0.474774,196414
NGA.5.2_1,Bauchi,Bauchi,759674,0.370981,89509
NGA.5.3_1,Bauchi,Bogoro,75054,0.50068,36743
NGA.5.4_1,Bauchi,Damban,160741,0.587788,96273
NGA.5.5_1,Bauchi,Darazo,237693,0.437971,104673
NGA.5.6_1,Bauchi,Dass,95446,0.453864,45840
NGA.5.7_1,Bauchi,Gamawa,343733,0.622473,217869
NGA.5.8_1,Bauchi,Gamjuwa,344488,0.495026,170307
NGA.5.9_1,Bauchi,Giade,141602,0.40469,55984
NGA.5.10_1,Bauchi,Itas/Gad,270024,0.306167,70921
NGA.5.11_1,Bauchi,Jama'are,177802,0.301238,47765
NGA.5.12_1,Bauchi,Katagum,529157,0.415998,183538
NGA.5.13_1,Bauchi,Kirfi,188380,0.409133,78648
NGA.5.14_1,Bauchi,Misau,305665,0.315857,81067
NGA.5.15_1,Bauchi,Ningi,514395,0.465733,237526
NGA.5.16_1,Bauchi,Shira,217552,0.50989,108041
NGA.5.17_1,Bauchi,Tafawa-B,239030,0.459648,110139
NGA.5.18_1,Bauchi,Toro,452403,0.518579,234115
NGA.5.19_1,Bauchi,Warji,127778,0.5286,64870
NGA.5.20_1,Bauchi,Zaki,241018,0.548602,132583
NGA.6.1_1,Bayelsa,Brass,249621,0.341754,80404
NGA.6.2_1,Bayelsa,Ekeremor,307087,0.401266,120052
NGA.6.3_1,Bayelsa,Kolokuma/Opokuma,121349,0.154525,16362
NGA.6.4_1,Bayelsa,Nembe,153632,0.431098,66295
NGA.6.5_1,Bayelsa,Ogbia,213438,0.149506,26669
NGA.6.6_1,Bayelsa,Sagbama,210158,0.18814,34486
NGA.6.7_1,Bayelsa,Southern Ijaw,376447,0.391353,148556
NGA.6.8_1,Bayelsa,Yenegoa,398796,0.0637391,20691
NGA.7.1_1,Benue,Ado,200683,0.789235,153077
NGA.7.2_1,Benue,Agatu,158207,0.360905,56762
NGA.7.3_1,Benue,Apa,111443,0.280878,30928
NGA.7.4_1,Benue,Buruku,277604,0.413244,115902
NGA.7.5_1,Benue,Gboko,505958,0.435929,156752
NGA.7.6_1,Benue,Guma,250144,0.38319,90664
NGA.7.7_1,Benue,Gwer East,258238,0.347521,86884
NGA.7.8_1,Benue,GwerWest,150952,0.418945,59663
NGA.7.9_1,Benue,Katsina (Benue),347319,0.496439,161562
NGA.7.10_1,Benue,Konshish,252927,0.501355,127228
NGA.7.11_1,Benue,Kwande,259864,0.502398,129118
NGA.7.12_1,Benue,Logo,178054,0.40159,69120
NGA.7.13_1,Benue,Makurdi,457473,0.3623,81298
NGA.7.14_1,Benue,Obi,82543,0.416685,29156
NGA.7.15_1,Benue,Ogbadibo,206085,0.46829,98032
NGA.7.16_1,Benue,Ohimini,103412,0.273532,29332
NGA.7.17_1,Benue,Oju,182001,0.562744,93596
NGA.7.18_1,Benue,Okpokwu,180981,0.557299,85450
NGA.7.19_1,Benue,Oturkpo,369510,0.246264,58437
NGA.7.20_1,Benue,Tarka,68441,0.355667,21483
NGA.7.21_1,Benue,Ukum,256892,0.456345,111067
NGA.7.22_1,Benue,Ushongo,299194,0.519856,154328
NGA.7.23_1,Benue,Vandeiky,217977,0.559216,120875
NGA.8.1_1,Borno,Abadam,83113,0.39648,31093
NGA.8.2_1,Borno,Askira/U,234634,0.557487,132025
NGA.8.3_1,Borno,Bama,244593,0.259279,41528
NGA.8.4_1,Borno,Bayo,93116,0.269696,24744
NGA.8.5_1,Borno,Biu,218370,0.348162,40325
NGA.8.6_1,Borno,Chibok,79835,0.551262,45315
NGA.8.7_1,Borno,Damboa,363907,0.528514,191394
NGA.8.8_1,Borno,Dikwa,119306,0.28219,34608
NGA.8.9_1,Borno,Gubio,173890,0.357535,62115
NGA.8.10_1,Borno,Guzamala,120993,0.320498,33349
NGA.8.11_1,Borno,Gwoza,271030,0.339741,76165
NGA.8.12_1,Borno,Hawul,159170,0.50483,63699
NGA.8.13_1,Borno,Jere,101914,0.197375,12898
NGA.8.14_1,Borno,Kaga,95024,0.379671,35842
NGA.8.15_1,Borno,Kala/Balge,52443,0.334763,16021
NGA.8.16_1,Borno,Konduga,840424,0.230662,60718
NGA.8.17_1,Borno,Kukawa,126766,0.182909,20424
NGA.8.18_1,Borno,Kwaya Kusar,60650,0.278876,16413
NGA.8.20_1,Borno,Mafa,136501,0.27338,37352
NGA.8.21_1,Borno,Magumeri,185903,0.285684,51412
NGA.8.22_1,Borno,Maidugur,463672,0.0813116,9996
NGA.8.23_1,Borno,Marte,181175,0.362633,65229
NGA.8.24_1,Borno,Mobbar,159132,0.452298,67712
NGA.8.25_1,Borno,Monguno,101125,0.208553,19841
NGA.8.26_1,Borno,Ngala,208217,0.356869,62420
NGA.8.27_1,Borno,Nganzai,116244,0.232543,27234
NGA.8.28_1,Borno,Shani,127617,0.494588,65517
NGA.9.1_1,Cross River,Abi,223863,0.713566,166890
NGA.9.2_1,Cross River,Akamkpa,278241,0.462113,112577
NGA.9.3_1,Cross River,Akpabuyo,378732,0.379,125734
NGA.9.4_1,Cross River,Bakassi,13584,0.443775,4867
NGA.9.5_1,Cross River,Bekwarra,120857,0.473877,55796
NGA.9.6_1,Cross River,Biase,199085,0.319517,65692
NGA.9.7_1,Cross River,Boki,227175,0.569013,120268
NGA.9.9_1,Cross River,Calabar South,31955,0.425436,11467
NGA.9.8_1,Cross River,Calabar,455914,0.203327,63016
NGA.9.10_1,Cross River,Etung,94259,0.547089,50960
NGA.9.11_1,Cross River,Ikom,259566,0.572614,120022
NGA.9.12_1,Cross River,Obanliku,167351,0.595825,91008
NGA.9.13_1,Cross River,Obubra,230686,0.669857,159101
NGA.9.14_1,Cross River,Obudu,134577,0.498212,66466
NGA.9.15_1,Cross River,Odukpani,175642,0.453784,80529
NGA.9.16_1,Cross River,Ogoja,195803,0.518643,98896
NGA.9.17_1,Cross River,Yakurr,238013,0.413409,105162
NGA.9.18_1,Cross River,Yala Cross,265122,0.591091,152084
NGA.10.1_1,Delta,AniochaN,144833,0.10741,15689
NGA.10.2_1,Delta,AniochaS,165134,0.0768256,12408
NGA.10.3_1,Delta,Bomadi,90130,0.166212,12791
NGA.10.4_1,Delta,Burutu,222191,0.285916,53715
NGA.10.5_1,Delta,Ethiope West,333022,0.098678,23842
NGA.10.6_1,Delta,EthiopeE,229511,0.119072,21404
NGA.10.7_1,Delta,IkaNorth,212454,0.060139,14904
NGA.10.8_1,Delta,IkaSouth,233917,0.0509563,12717
NGA.10.9_1,Delta,IsokoNor,172632,0.0803257,13385
NGA.10.10_1,Delta,IsokoSou,271392,0.105873,24386
NGA.10.11_1,Delta,Ndokwa East,141997,0.0801714,11435
NGA.10.12_1,Delta,Ndokwa West,183109,0.0534494,9172
NGA.10.13_1,Delta,Okpe,163450,0.0969094,16504
NGA.10.14_1,Delta,Oshimili North,130000,0.0710038,8592
NGA.10.15_1,Delta,Oshimili South,204376,0.0670613,4111
NGA.10.16_1,Delta,Patani,75392,0.0846155,7116
NGA.10.17_1,Delta,Sapele,163773,0.104389,6377
NGA.10.18_1,Delta,Udu,215801,0.0505884,9345
NGA.10.19_1,Delta,Ughelli North,418462,0.0987203,30138
NGA.10.20_1,Delta,Ughelli South,239057,0.117928,27193
NGA.10.21_1,Delta,Ukwuani,145498,0.037753,4238
NGA.10.22_1,Delta,Uvwie,289312,0.0166406,4621
NGA.10.23_1,Delta,Warri North,143986,0.171989,25514
NGA.10.25_1,Delta,Warri South-West,114838,0.257275,24648
NGA.10.24_1,Delta,Warri South,334844,0.288232,25115
NGA.11.1_1,Ebonyi,Abakalik,154014,0.858238,77376
NGA.11.2_1,Ebonyi,Afikpo,163270,0.747829,129961
NGA.11.3_1,Ebonyi,AfikpoSo,180734,0.499611,91874
NGA.11.4_1,Ebonyi,Ebonyi,265815,0.64847,104934
NGA.11.5_1,Ebonyi,Ezza North,158054,0.844616,131690
NGA.11.6_1,Ebonyi,Ezza South,168892,0.903956,151608
NGA.11.7_1,Ebonyi,Ikwo,215257,0.914384,197512
NGA.11.8_1,Ebonyi,Ishielu,185960,0.676868,127976
NGA.11.9_1,Ebonyi,Ivo,148442,0.579923,94259
NGA.11.10_1,Ebonyi,Izzi,280797,0.783522,218751
NGA.11.11_1,Ebonyi,Ohaozara,167245,0.84278,140108
NGA.11.12_1,Ebonyi,Ohaukwu,253736,0.86209,220785
NGA.11.13_1,Ebonyi,Onicha,256563,0.807146,204725
NGA.12.1_1,Edo,Akoko-Ed,307329,0.215866,63459
NGA.12.2_1,Edo,Egor,385746,0.13226,32015
NGA.12.3_1,Edo,EsanCent,111525,0.159526,17966
NGA.12.4_1,Edo,EsanNort,153967,0.171625,20168
NGA.12.5_1,Edo,EsanSout,212097,0.150051,31494
NGA.12.6_1,Edo,EsanWest,173723,0.179882,24681
NGA.12.7_1,Edo,Etsako Central,106931,0.234214,26058
NGA.12.8_1,Edo,EtsakoEa,196800,0.22533,41197
NGA.12.9_1,Edo,EtsakoWe,283735,0.222079,54122
NGA.12.10_1,Edo,Igueben,74768,0.176418,12160
NGA.12.11_1,Edo,Ikpoba-Okha,812212,0.158422,74332
NGA.12.12_1,Edo,Oredo Edo,247667,0.242132,19192
NGA.12.13_1,Edo,Orhionmw,239929,0.0694722,17341
NGA.12.14_1,Edo,OviaNort,199784,0.129995,21877
NGA.12.15_1,Edo,OviaSouth-West,202318,0.187835,39833
NGA.12.16_1,Edo,Owan East,184159,0.306794,53376
NGA.12.17_1,Edo,OwanWest,116181,0.196604,22233
NGA.12.18_1,Edo,Uhunmwonde,251427,0.153124,34785
NGA.13.1_1,Ekiti,Ado-Ekiti,374017,0.181694,22638
NGA.13.2_1,Ekiti,Efon,157464,0.140753,20525
NGA.13.3_1,Ekiti,EkitiEas,86808,0.0892168,6531
NGA.13.4_1,Ekiti,EkitiSouth-West,150482,0.145008,21189
NGA.13.5_1,Ekiti,EkitiWest,163226,0.134906,22636
NGA.13.6_1,Ekiti,Emure/Ise/Orun,216388,0.185741,43952
NGA.13.7_1,Ekiti,Gboyin,122218,0.172516,22203
NGA.13.8_1,Ekiti,Ido/Osi,195374,0.100714,19283
NGA.13.9_1,Ekiti,Ijero,319931,0.127208,36285
NGA.13.10_1,Ekiti,Ikere,201756,0.17458,31348
NGA.13.11_1,Ekiti,Ikole,200090,0.198131,34663
NGA.13.12_1,Ekiti,Ilejemeje,64913,0.0721758,4638
NGA.13.13_1,Ekiti,Irepodun/Ifelodun,251292,0.130394,25594
NGA.13.14_1,Ekiti,Ise/Orun,124244,0.193233,26306
NGA.13.15_1,Ekiti,Moba,123970,0.0607356,5988
NGA.13.16_1,Ekiti,Oye,170692,0.12897,21090
NGA.14.1_1,Enugu,Aninri,103907,0.654209,64283
NGA.14.2_1,Enugu,Awgu,256171,0.417857,105057
NGA.14.3_1,Enugu,Enugu East,232791,0.410436,49602
NGA.14.4_1,Enugu,Enugu North,589788,0.249965,81322
NGA.14.5_1,Enugu,EnuguSou,222203,0.338705,51129
NGA.14.6_1,Enugu,Ezeagu,204093,0.228678,47339
NGA.14.7_1,Enugu,Igbo-Eti,272584,0.519778,145201
NGA.14.8_1,Enugu,Igbo-eze North,316640,0.452726,145176
NGA.14.9_1,Enugu,Igbo-eze South,150709,0.512263,78243
NGA.14.10_1,Enugu,Isi-Uzo,189172,0.732411,135900
NGA.14.11_1,Enugu,Nkanu East,211144,0.526406,106504
NGA.14.12_1,Enugu,Nkanu West,202478,0.398656,78644
NGA.14.13_1,Enugu,Nsukka,399893,0.524343,166538
NGA.14.14_1,Enugu,Oji-River,162403,0.325057,49753
NGA.14.15_1,Enugu,Udenu,160233,0.553918,74531
NGA.14.16_1,Enugu,Udi,306294,0.391711,118990
NGA.14.17_1,Enugu,Uzo-Uwani,145471,0.367142,54169
NGA.15.1_1,Federal Capital Territory,Abaji,60985,0.243414,14320
NGA.15.2_1,Federal Capital Territory,AbujaMun,829532,0.160867,95167
NGA.15.3_1,Federal Capital Territory,Bwari,364561,0.119634,37868
NGA.15.4_1,Federal Capital Territory,Gwagwala,126787,0.228319,21841
NGA.15.5_1,Federal Capital Territory,Kuje,109361,0.248652,26484
NGA.15.6_1,Federal Capital Territory,Kwali,102431,0.240305,25354
NGA.16.1_1,Gombe,Akko,824869,0.193742,80443
NGA.16.2_1,Gombe,Balanga,317239,0.442631,138050
NGA.16.3_1,Gombe,Billiri,235191,0.12892,24975
NGA.16.4_1,Gombe,Dukku,250829,0.388988,99363
NGA.16.5_1,Gombe,Funakaye,341308,0.300698,95234
NGA.16.6_1,Gombe,Gombe,1998,0.064751,86
NGA.16.7_1,Gombe,Kaltungo,187875,0.230033,41885
NGA.16.8_1,Gombe,Kwami,204017,0.147552,31290
NGA.16.9_1,Gombe,Nafada,193172,0.474673,93802
NGA.16.10_1,Gombe,Shomgom,202671,0.15623,30806
NGA.16.11_1,Gombe,Yamaltu,302005,0.225402,67323
NGA.17.1_1,Imo,Aboh-Mba,210945,0.161587,38026
NGA.17.2_1,Imo,Ahizu-Mb,196526,0.213244,42363
NGA.17.3_1,Imo,Ehime-Mb,173151,0.222651,40232
NGA.17.4_1,Imo,Ezinihit,152719,0.155508,25617
NGA.17.5_1,Imo,Ideato South,143432,0.291837,40548
NGA.17.6_1,Imo,IdeatoNo,203723,0.254259,35376
NGA.17.7_1,Imo,Ihitte/U,138075,0.138202,21505
NGA.17.8_1,Imo,Ikeduru,150202,0.250055,38997
NGA.17.9_1,Imo,IsialaMb,218702,0.285389,59296
NGA.17.10_1,Imo,Isu,143127,0.233054,33322
NGA.17.11_1,Imo,Mbaitoli,311252,0.115137,34935
NGA.17.12_1,Imo,Ngor-Okp,200150,0.139063,27350
NGA.17.13_1,Imo,Njaba,207187,0.134364,34260
NGA.17.14_1,Imo,Nkwerre,107514,0.261571,28186
NGA.17.15_1,Imo,Nwangele,114710,0.226966,26891
NGA.17.16_1,Imo,Obowo,124741,0.162798,18998
NGA.17.17_1,Imo,Oguta,187464,0.0639552,17212
NGA.17.18_1,Imo,Ohaji/Eg,296388,0.0662426,17095
NGA.17.19_1,Imo,Okigwe,172929,0.263094,44824
NGA.17.20_1,Imo,Orlu,217485,0.147219,29847
NGA.17.21_1,Imo,Orsu,233815,0.0619529,14941
NGA.17.22_1,Imo,Oru East,151085,0.1202,17454
NGA.17.23_1,Imo,Oru West,144097,0.138893,20135
NGA.17.24_1,Imo,Owerri Municipal,139378,0.019813,2054
NGA.17.25_1,Imo,Owerri North,197869,0.0613706,9422
NGA.17.26_1,Imo,Owerri West,173936,0.0761705,8058
NGA.17.27_1,Imo,Unuimo,93636,0.32845,30681
NGA.18.1_1,Jigawa,Auyo,127250,0.614141,74010
NGA.18.2_1,Jigawa,Babura,201563,0.576568,116902
NGA.18.3_1,Jigawa,Biriniwa,193678,0.486516,93873
NGA.18.4_1,Jigawa,BirninKu,399789,0.404965,142289
NGA.18.5_1,Jigawa,Buji,115470,0.427468,49679
NGA.18.6_1,Jigawa,Dutse,342388,0.585279,118926
NGA.18.7_1,Jigawa,Gagarawa,121929,0.659424,80444
NGA.18.8_1,Jigawa,Garki,165222,0.579317,93958
NGA.18.9_1,Jigawa,Gumel,153988,0.564335,70965
NGA.18.10_1,Jigawa,Guri,148090,0.562297,79896
NGA.18.11_1,Jigawa,Gwaram,332155,0.522184,171105
NGA.18.12_1,Jigawa,Gwiwa,183775,0.688577,125923
NGA.18.13_1,Jigawa,Hadejia,128280,0.417928,38034
NGA.18.14_1,Jigawa,Jahun,292683,0.720787,205325
NGA.18.15_1,Jigawa,KafinHau,277182,0.49761,138000
NGA.18.16_1,Jigawa,Kaugama,182692,0.656085,119490
NGA.18.17_1,Jigawa,Kazaure,219791,0.681927,126803
NGA.18.18_1,Jigawa,KiriKasa,204947,0.517067,98954
NGA.18.19_1,Jigawa,Kiyawa,225128,0.603757,141675
NGA.18.20_1,Jigawa,Maigatari,250209,0.564716,129457
NGA.18.21_1,Jigawa,MalamMad,335256,0.550968,164285
NGA.18.22_1,Jigawa,Miga,156324,0.691973,111009
NGA.18.23_1,Jigawa,Ringim,257132,0.535407,132448
NGA.18.24_1,Jigawa,Roni,63550,0.714753,44520
NGA.18.25_1,Jigawa,Sule-Tan,294029,0.571431,158534
NGA.18.26_1,Jigawa,Taura,133103,0.675053,89250
NGA.18.27_1,Jigawa,Yankwashi,167423,0.644087,100557
NGA.19.1_1,Kaduna,Birnin-G,336569,0.446961,149480
NGA.19.2_1,Kaduna,Chikun,475325,0.415964,186325
NGA.19.3_1,Kaduna,Giwa,339891,0.37385,123007
NGA.19.4_1,Kaduna,Igabi,879840,0.395567,211829
NGA.19.5_1,Kaduna,Ikara,229498,0.575164,129904
NGA.19.6_1,Kaduna,Jaba,185950,0.160774,36149
NGA.19.7_1,Kaduna,Jema'a,269298,0.3101,76486
NGA.19.8_1,Kaduna,Kachia,324240,0.441328,134111
NGA.19.9_1,Kaduna,Kaduna North,360025,0.125766,26950
NGA.19.10_1,Kaduna,Kaduna South,419620,0.0732599,23244
NGA.19.11_1,Kaduna,Kagarko,368199,0.282521,100723
NGA.19.12_1,Kaduna,Kajuru,227276,0.458673,102509
NGA.19.13_1,Kaduna,Kaura,237455,0.33441,68626
NGA.19.14_1,Kaduna,Kauru,135680,0.447498,60384
NGA.19.15_1,Kaduna,Kubau,320963,0.501238,164117
NGA.19.16_1,Kaduna,Kudan,148960,0.339769,56682
NGA.19.17_1,Kaduna,Lere,393597,0.469436,181672
NGA.19.18_1,Kaduna,Makarfi,156944,0.446568,71101
NGA.19.19_1,Kaduna,Sabon-Ga,498566,0.0927805,28699
NGA.19.20_1,Kaduna,Sanga,175594,0.391669,67534
NGA.19.21_1,Kaduna,Soba,337075,0.361727,122840
NGA.19.22_1,Kaduna,ZangonKa,474953,0.387887,155971
NGA.19.23_1,Kaduna,Zaria,448419,0.122632,21111
NGA.20.1_1,Kano,Ajingi,375488,0.474911,146206
NGA.20.2_1,Kano,Albasu,214704,0.37282,83882
NGA.20.3_1,Kano,Bagwai,155834,0.504444,79892
NGA.20.4_1,Kano,Bebeji,271052,0.516721,136897
NGA.20.5_1,Kano,Bichi,417761,0.446663,174239
NGA.20.6_1,Kano,Bunkure,213667,0.382225,82905
NGA.20.7_1,Kano,Dala,109406,0.0416454,2287
NGA.20.8_1,Kano,Dambatta,323094,0.542313,164527
NGA.20.9_1,Kano,DawakinK,225137,0.287418,57248
NGA.20.10_1,Kano,DawakinT,345506,0.324425,111949
NGA.20.11_1,Kano,Doguwa,198457,0.515725,100701
NGA.20.12_1,Kano,Fagge,859163,0.0045664,4250
NGA.20.13_1,Kano,Gabasawa,292817,0.383645,114972
NGA.20.14_1,Kano,Garko,190827,0.372145,69704
NGA.20.15_1,Kano,Garum Mallam,123837,0.429466,51637
NGA.20.16_1,Kano,Gaya,155372,0.475522,68738
NGA.20.17_1,Kano,Gezawa,658831,0.16758,69056
NGA.20.18_1,Kano,Gwale,434136,0.0738949,4212
NGA.20.19_1,Kano,Gwarzo,215178,0.626513,130229
NGA.20.20_1,Kano,Kabo,146414,0.479729,70175
NGA.20.21_1,Kano,Kano,146092,0.073895,4289
NGA.20.22_1,Kano,Karaye,161337,0.425039,78578
NGA.20.23_1,Kano,Kibiya,148924,0.397793,55368
NGA.20.24_1,Kano,Kiru,270049,0.538549,141476
NGA.20.25_1,Kano,Kumbotso,347129,0.209525,30828
NGA.20.26_1,Kano,Kunchi,129895,0.568824,74403
NGA.20.27_1,Kano,Kura,200413,0.388777,74259
NGA.20.28_1,Kano,Madobi,144378,0.41493,54883
NGA.20.29_1,Kano,Makoda,196135,0.553295,114778
NGA.20.30_1,Kano,Minjibir,280744,0.296762,87943
NGA.20.31_1,Kano,Nassaraw,688688,0.0046208,4290
NGA.20.32_1,Kano,Rano,146594,0.421022,60607
NGA.20.33_1,Kano,RiminGad,112235,0.432385,46347
NGA.20.34_1,Kano,Rogo,278485,0.537266,148642
NGA.20.35_1,Kano,Shanono,173726,0.572632,97955
NGA.20.36_1,Kano,Sumaila,274485,0.521116,139896
NGA.20.37_1,Kano,Takai,293546,0.284742,79542
NGA.20.38_1,Kano,Tarauni,348960,0.0250662,3960
NGA.20.39_1,Kano,Tofa,99621,0.370469,37186
NGA.20.40_1,Kano,Tsanyawa,114336,0.554239,59992
NGA.20.41_1,Kano,Tundun Wada,261540,0.604022,157198
NGA.20.42_1,Kano,Ungogo,897960,0.04821,27397
NGA.20.43_1,Kano,Warawa,269683,0.167775,31827
NGA.20.44_1,Kano,Wudil,286873,0.305513,69031
NGA.21.1_1,Katsina,Bakori,178782,0.637648,113875
NGA.21.2_1,Katsina,Batagarawa,232825,0.619954,129657
NGA.21.3_1,Katsina,Batsari,237998,0.546717,132147
NGA.21.4_1,Katsina,Baure,242139,0.619598,140288
NGA.21.5_1,Katsina,Bindawa,167759,0.62431,104897
NGA.21.6_1,Katsina,Charanchi,145725,0.45026,74169
NGA.21.7_1,Katsina,Dandume,168728,0.619865,105654
NGA.21.8_1,Katsina,Danja,140215,0.485419,67773
NGA.21.9_1,Katsina,Danmusa,138941,0.675839,88843
NGA.21.10_1,Katsina,Daura,253308,0.507003,108385
NGA.21.11_1,Katsina,Dutsi,139402,0.592654,81984
NGA.21.12_1,Katsina,Dutsin-M,247361,0.143822,17708
NGA.21.13_1,Katsina,Faskari,243388,0.614693,149317
NGA.21.14_1,Katsina,Funtua,331921,0.590062,141817
NGA.21.15_1,Katsina,Ingawa,189653,0.626323,114640
NGA.21.16_1,Katsina,Jibia,218131,0.56753,110348
NGA.21.17_1,Katsina,Kafur,241125,0.573031,138404
NGA.21.18_1,Katsina,Kaita,235491,0.71218,169095
NGA.21.19_1,Katsina,Kankara,292611,0.721274,211270
NGA.21.20_1,Katsina,Kankiya,231897,0.404326,95679
NGA.21.21_1,Katsina,Katsina (K),484329,0.299927,89130
NGA.21.22_1,Katsina,Kurfi,143811,0.457288,64533
NGA.21.23_1,Katsina,Kusada,134336,0.53703,74432
NGA.21.24_1,Katsina,Mai'Adua,300081,0.551059,138710
NGA.21.25_1,Katsina,Malumfashi,245238,0.576939,128661
NGA.21.26_1,Katsina,Mani,226971,0.647619,147177
NGA.21.27_1,Katsina,Mashi,211017,0.595057,119371
NGA.21.28_1,Katsina,Matazu,131017,0.416666,53573
NGA.21.29_1,Katsina,Musawa,202841,0.621641,122493
NGA.21.30_1,Katsina,Rimi,231428,0.686185,159872
NGA.21.31_1,Katsina,Sabuwa,150474,0.498714,76822
NGA.21.32_1,Katsina,Safana,173773,0.38578,52788
NGA.21.33_1,Katsina,Sandamu,216085,0.583704,118061
NGA.21.34_1,Katsina,Zango,217949,0.558352,117828
NGA.22.1_1,Kebbi,Aleiro,195618,0.264992,38625
NGA.22.2_1,Kebbi,Arewa,332911,0.340692,113690
NGA.22.3_1,Kebbi,Argungu,252817,0.262086,59126
NGA.22.4_1,Kebbi,Augie,268777,0.332981,88829
NGA.22.5_1,Kebbi,Bagudo,308394,0.412776,120422
NGA.22.6_1,Kebbi,BirninKe,313569,0.199913,31936
NGA.22.7_1,Kebbi,Bunza,134172,0.302618,38473
NGA.22.8_1,Kebbi,Dandi,217683,0.351707,71177
NGA.22.9_1,Kebbi,Danko Wasagu,281969,0.506168,140350
NGA.22.10_1,Kebbi,Fakai,134684,0.456416,57748
NGA.22.11_1,Kebbi,Gwandu,270740,0.391078,100148
NGA.22.12_1,Kebbi,Jega,162551,0.309662,38692
NGA.22.13_1,Kebbi,Kalgo,70512,0.255931,18144
NGA.22.14_1,Kebbi,Koko/Bes,171998,0.271169,45514
NGA.22.15_1,Kebbi,Maiyama,240888,0.26285,65505
NGA.22.16_1,Kebbi,Ngaski,148437,0.346715,56197
NGA.22.17_1,Kebbi,Sakaba,117210,0.432328,51671
NGA.22.18_1,Kebbi,Shanga,126662,0.455213,57430
NGA.22.19_1,Kebbi,Suru,171098,0.293884,50419
NGA.22.20_1,Kebbi,Yauri,75370,0.291544,22105
NGA.22.21_1,Kebbi,Zuru,159716,0.362035,51528
NGA.23.1_1,Kogi,Adavi,488112,0.204577,43806
NGA.23.2_1,Kogi,Ajaokuta,184417,0.26163,39616
NGA.23.3_1,Kogi,Ankpa,352259,0.22,63591
NGA.23.4_1,Kogi,Bassa,185941,0.196281,34075
NGA.23.5_1,Kogi,Dekina,313610,0.186844,56992
NGA.23.6_1,Kogi,Ibaji,154281,0.327671,47910
NGA.23.7_1,Kogi,Idah,50503,0.21006,9333
NGA.23.8_1,Kogi,Igalamela-Odolu,244063,0.310747,52475
NGA.23.9_1,Kogi,Ijumu,99908,0.112946,9783
NGA.23.10_1,Kogi,Kabba/Bu,217666,0.209393,34433
NGA.23.11_1,Kogi,Kotonkar,138891,0.0736427,9811
NGA.23.12_1,Kogi,Lokoja,306620,0.238468,52895
NGA.23.13_1,Kogi,Mopa-Muro,60633,0.151615,9093
NGA.23.14_1,Kogi,Ofu,210388,0.24967,48740
NGA.23.15_1,Kogi,Ogori/Magongo,41777,0.19422,7879
NGA.23.16_1,Kogi,Okehi,399188,0.175664,56790
NGA.23.17_1,Kogi,Okene,65813,0.29755,17015
NGA.23.18_1,Kogi,Olamabor,232773,0.364722,81846
NGA.23.19_1,Kogi,Omala,138340,0.222057,29121
NGA.23.20_1,Kogi,Yagba East,191024,0.226439,37019
NGA.23.21_1,Kogi,Yagba West,162125,0.22514,32214
NGA.24.1_1,Kwara,Asa,502879,0.282319,51453
NGA.24.2_1,Kwara,Baruten,268566,0.508373,129704
NGA.24.3_1,Kwara,Edu,241574,0.198864,46099
NGA.24.4_1,Kwara,Ekiti,76459,0.123531,6797
NGA.24.5_1,Kwara,Ifelodun,256550,0.237577,56668
NGA.24.6_1,Kwara,Ilorin East,283520,0.175634,19852
NGA.24.7_1,Kwara,Ilorin South,139126,0.173853,13291
NGA.24.8_1,Kwara,IlorinWe,346437,0.0909482,11962
NGA.24.9_1,Kwara,Irepodun,168177,0.0983241,18104
NGA.24.10_1,Kwara,Isin,96146,0.141478,11446
NGA.24.11_1,Kwara,Kaiama,161034,0.409148,63049
NGA.24.12_1,Kwara,Moro,143990,0.261293,35340
NGA.24.13_1,Kwara,Offa,148774,0.110692,6005
NGA.24.14_1,Kwara,Oke-Ero,91569,0.110866,6823
NGA.24.15_1,Kwara,Oyun,127681,0.183168,15649
NGA.24.16_1,Kwara,Pategi,139239,0.217553,25902
NGA.25.1_1,Lagos,Agege,589257,0.0357773,24538
NGA.25.2_1,Lagos,Ajeromi/Ifelodun,491394,0.0361784,22719
NGA.25.3_1,Lagos,Alimosho,1401650,0.0368805,54172
NGA.25.4_1,Lagos,Amuwo Odofin,774517,0.146539,32548
NGA.25.5_1,Lagos,Apapa,917687,0.0656498,59606
NGA.25.6_1,Lagos,Badagary,324195,0.157737,37900
NGA.25.7_1,Lagos,Epe,248595,0.193909,38988
NGA.25.8_1,Lagos,Eti-Osa,356110,0.0420293,14863
NGA.25.9_1,Lagos,Ibeju/Lekki,129968,0.172544,12575
NGA.25.10_1,Lagos,Ifako/Ijaye,573545,0.0457305,24654
NGA.25.11_1,Lagos,Ikeja,758097,0.0337685,27886
NGA.25.12_1,Lagos,Ikorodu,713549,0.0527858,20609
NGA.25.13_1,Lagos,Kosofe,881606,0.028668,28611
NGA.25.14_1,Lagos,LagosIsland,685574,0.120465,44957
NGA.25.15_1,Lagos,Mainland,898686,0.054809,50088
NGA.25.16_1,Lagos,Mushin,437021,0.0449922,13509
NGA.25.17_1,Lagos,Ojo,753784,0.07139,22412
NGA.25.18_1,Lagos,Oshodi/Isolo,615906,0.0284404,18928
NGA.25.19_1,Lagos,Shomolu,684487,0.069984,22721
NGA.25.20_1,Lagos,Surulere,1049980,0.0538282,46475
NGA.26.1_1,Nassarawa,Akwanga,117913,0.333239,35363
NGA.26.2_1,Nassarawa,Awe,137231,0.399076,54805
NGA.26.3_1,Nassarawa,Doma,157592,0.364976,56537
NGA.26.4_1,Nassarawa,Karu,348300,0.187877,51958
NGA.26.5_1,Nassarawa,Keana,96785,0.38315,36178
NGA.26.6_1,Nassarawa,Keffi,119421,0.219204,17574
NGA.26.7_1,Nassarawa,Kokona,139279,0.338442,41742
NGA.26.8_1,Nassarawa,Lafia,456697,0.424545,120232
NGA.26.9_1,Nassarawa,Nasarawa,246895,0.36466,88184
NGA.26.10_1,Nassarawa,Nassarawa Egon,166837,0.318434,52334
NGA.26.11_1,Nassarawa,Obi,173219,0.334119,55391
NGA.26.12_1,Nassarawa,Toto,134689,0.211939,30315
NGA.26.13_1,Nassarawa,Wamba,88838,0.402768,31850
NGA.27.1_1,Niger,Agaie,159433,0.170477,26362
NGA.27.2_1,Niger,Agwara,108581,0.355481,35128
NGA.27.3_1,Niger,Bida,240860,0.0187686,5264
NGA.27.4_1,Niger,Borgu,213960,0.477782,96129
NGA.27.5_1,Niger,Bosso,288709,0.173812,38324
NGA.27.6_1,Niger,Chanchaga,186261,0.167568,9776
NGA.27.7_1,Niger,Edati,44872,0.0636634,2774
NGA.27.8_1,Niger,Gbako,166948,0.0875463,13784
NGA.27.9_1,Niger,Gurara,162707,0.232443,32174
NGA.27.10_1,Niger,Katcha,131527,0.167227,22261
NGA.27.11_1,Niger,Kontogur,219323,0.527461,91552
NGA.27.12_1,Niger,Lapai,154856,0.231841,35280
NGA.27.13_1,Niger,Lavun,416124,0.104131,35262
NGA.27.14_1,Niger,Magama,199891,0.418301,83567
NGA.27.15_1,Niger,Mariga,244034,0.529302,129571
NGA.27.16_1,Niger,Mashegu,269644,0.327244,89672
NGA.27.17_1,Niger,Mokwa,277022,0.213771,59258
NGA.27.18_1,Niger,Muya,117820,0.434012,52254
NGA.27.19_1,Niger,Paikoro,201318,0.372454,70492
NGA.27.20_1,Niger,Rafi,212510,0.341138,74878
NGA.27.21_1,Niger,Rijau,207175,0.306211,60056
NGA.27.22_1,Niger,Shiroro,303053,0.416056,129337
NGA.27.23_1,Niger,Suleja,127264,0.0581671,3180
NGA.27.24_1,Niger,Tafa,178332,0.0619946,6197
NGA.27.25_1,Niger,Wushishi,103882,0.11953,12834
NGA.28.1_1,Ogun,Abeokuta South,366366,0.1153,37273
NGA.28.2_1,Ogun,AbeokutaNorth,186987,0.363582,59105
NGA.28.3_1,Ogun,AdoOdo/Ota,607338,0.140876,57731
NGA.28.4_1,Ogun,EgbadoNorth,214792,0.333028,71498
NGA.28.5_1,Ogun,EgbadoSouth,208173,0.201008,39608
NGA.28.6_1,Ogun,Ewekoro,69850,0.255025,17791
NGA.28.7_1,Ogun,Ifo,651836,0.160514,56180
NGA.28.8_1,Ogun,Ijebu North-East,76451,0.266343,21402
NGA.28.9_1,Ogun,IjebuEast,164620,0.170937,31661
NGA.28.10_1,Ogun,IjebuNorth,366503,0.280032,99061
NGA.28.11_1,Ogun,IjebuOde,214411,0.245275,42282
NGA.28.12_1,Ogun,Ikenne,156117,0.317875,50384
NGA.28.13_1,Ogun,Imeko-Afon,79908,0.385935,28272
NGA.28.14_1,Ogun,Ipokia,133185,0.183927,21899
NGA.28.15_1,Ogun,Obafemi-Owode,340124,0.30004,80662
NGA.28.16_1,Ogun,Odeda,120963,0.322793,36538
NGA.28.17_1,Ogun,Odogbolu,167917,0.292542,47754
NGA.28.18_1,Ogun,OgunWaterside,101153,0.163876,14342
NGA.28.19_1,Ogun,Remo-North,70772,0.418322,28985
NGA.28.20_1,Ogun,Shagamu,331892,0.202764,49675
NGA.29.1_1,Ondo,Akoko North-East,252170,0.12273,15218
NGA.29.2_1,Ondo,Akoko South-East,102417,0.133616,12577
NGA.29.3_1,Ondo,Akoko South-West,257586,0.159289,26746
NGA.29.4_1,Ondo,AkokoNorthWest,257849,0.0853471,19338
NGA.29.5_1,Ondo,Akure North,264065,0.140573,21996
NGA.29.6_1,Ondo,Akure South,425798,0.103371,19097
NGA.29.7_1,Ondo,Ese-Odo,170914,0.216569,34361
NGA.29.8_1,Ondo,Idanre,162411,0.179034,30605
NGA.29.9_1,Ondo,Ifedore,184478,0.131991,25591
NGA.29.10_1,Ondo,IlajeEseodo,332336,0.120707,42000
NGA.29.11_1,Ondo,IleOluji/Okeigbo,100253,0.254574,21351
NGA.29.12_1,Ondo,Irele,151208,0.153272,22069
NGA.29.13_1,Ondo,Odigbo,288999,0.139469,37906
NGA.29.14_1,Ondo,Okitipupa,300508,0.106396,30191
NGA.29.15_1,Ondo,Ondo East,65751,0.204754,13877
NGA.29.16_1,Ondo,Ondo West,189645,0.217701,27266
NGA.29.17_1,Ondo,Ose,183191,0.160298,27662
NGA.29.18_1,Ondo,Owo,276539,0.184039,42275
NGA.30.1_1,Osun,Atakumosa East,407405,0.138562,49460
NGA.30.2_1,Osun,Atakumosa West,109139,0.192619,19594
NGA.30.3_1,Osun,Ayedaade,229130,0.196677,45084
NGA.30.4_1,Osun,Ayedire,49408,0.255867,12399
NGA.30.5_1,Osun,Boluwaduro,70572,0.159915,12627
NGA.30.6_1,Osun,Boripe,80146,0.170254,16067
NGA.30.7_1,Osun,Ede North,59792,0.4809,26809
NGA.30.8_1,Osun,Ede South,57857,0.386285,23568
NGA.30.9_1,Osun,Egbedore,217011,0.453335,66856
NGA.30.10_1,Osun,Ejigbo,178860,0.434318,74523
NGA.30.11_1,Osun,Ife East,57647,0.175702,10394
NGA.30.12_1,Osun,Ife North,578172,0.231487,93636
NGA.30.13_1,Osun,Ife South,147621,0.201104,28653
NGA.30.14_1,Osun,IfeCentral,58276,0.179594,10548
NGA.30.15_1,Osun,Ifedayo,34908,0.0882916,2363
NGA.30.16_1,Osun,Ifelodun,247420,0.198179,48090
NGA.30.17_1,Osun,Ila,108441,0.106733,11492
NGA.30.18_1,Osun,Ilesha East,92773,0.111057,8999
NGA.30.19_1,Osun,Ilesha West,158513,0.141802,15535
NGA.30.20_1,Osun,Irepodun,67745,0.352868,22109
NGA.30.21_1,Osun,Irewole,350286,0.113635,28866
NGA.30.22_1,Osun,Isokan,10070,0.114867,1068
NGA.30.23_1,Osun,Iwo,307680,0.217143,72185
NGA.30.24_1,Osun,Obokun,196154,0.0875569,16059
NGA.30.25_1,Osun,Odo0tin,148444,0.20284,28074
NGA.30.26_1,Osun,Ola-Oluwa,98602,0.405134,38487
NGA.30.27_1,Osun,Olorunda,288677,0.256921,57225
NGA.30.28_1,Osun,Oriade,230229,0.132935,28012
NGA.30.29_1,Osun,Orolu,205598,0.324447,60428
NGA.30.30_1,Osun,Osogbo,77189,0.391907,19248
NGA.31.1_1,Oyo,Afijio,162342,0.197316,29240
NGA.31.2_1,Oyo,Akinyele,271506,0.0994799,20688
NGA.31.3_1,Oyo,Atiba,187884,0.453231,77616
NGA.31.4_1,Oyo,Atisbo,113935,0.31464,31335
NGA.31.5_1,Oyo,Egbeda,433215,0.0723158,23456
NGA.31.7_1,Oyo,IbadanNorth-East,426041,0.04922,21118
NGA.31.8_1,Oyo,IbadanNorth-West,199364,0.0642175,10824
NGA.31.6_1,Oyo,IbadanNorth,390318,0.0516213,18766
NGA.31.9_1,Oyo,IbadanSouth-East,449103,0.0537036,26405
NGA.31.10_1,Oyo,IbadanSouth-West,377886,0.0602261,20440
NGA.31.11_1,Oyo,Ibarapa Central,154511,0.392689,49406
NGA.31.12_1,Oyo,Ibarapa East,137748,0.350408,47575
NGA.31.13_1,Oyo,Ibarapa North,120349,0.373542,44650
NGA.31.14_1,Oyo,Ido,128756,0.271341,25400
NGA.31.15_1,Oyo,Irepo,159696,0.450977,71961
NGA.31.16_1,Oyo,Iseyin,329399,0.368181,106455
NGA.31.17_1,Oyo,Itesiwaju,145665,0.312545,43407
NGA.31.18_1,Oyo,Iwajowa,115115,0.410102,45521
NGA.31.19_1,Oyo,Kajola,234083,0.342715,71166
NGA.31.20_1,Oyo,Lagelu,164334,0.108543,13683
NGA.31.21_1,Oyo,Ogbomosho North,275076,0.388102,76323
NGA.31.22_1,Oyo,Ogbomosho South,137253,0.459666,50955
NGA.31.23_1,Oyo,Ogo-Oluw,105628,0.471935,49975
NGA.31.24_1,Oyo,Olorunsogo,98482,0.411972,35118
NGA.31.25_1,Oyo,Oluyole,322618,0.207546,50145
NGA.31.26_1,Oyo,Ona-Ara,417239,0.109377,28270
NGA.31.27_1,Oyo,Orelope,130907,0.388727,44929
NGA.31.28_1,Oyo,Ori-Ire,164989,0.454755,71166
NGA.31.29_1,Oyo,Oyo East,182821,0.312052,29719
NGA.31.30_1,Oyo,Oyo West,186022,0.277706,28872
NGA.31.31_1,Oyo,Saki East,353794,0.213408,31778
NGA.31.32_1,Oyo,Saki West,167257,0.317332,36178
NGA.31.33_1,Oyo,Surulere,183618,0.465335,85132
NGA.32.1_1,Plateau,Barkin Ladi,193333,0.242348,45626
NGA.32.2_1,Plateau,Bassa,196149,0.476481,95722
NGA.32.3_1,Plateau,Bokkos,194073,0.477561,88645
NGA.32.4_1,Plateau,Jos East,135572,0.393694,56714
NGA.32.5_1,Plateau,Jos North,763071,0.3488,202736
NGA.32.6_1,Plateau,Jos South,266161,0.347246,81001
NGA.32.7_1,Plateau,Kanam,245741,0.428487,103815
NGA.32.8_1,Plateau,Kanke,203638,0.479184,97693
NGA.32.9_1,Plateau,Langtang North,160738,0.647918,103695
NGA.32.10_1,Plateau,Langtang South,125249,0.519485,65919
NGA.32.11_1,Plateau,Mangu,361576,0.34727,122285
NGA.32.12_1,Plateau,Mikang,106046,0.548764,59476
NGA.32.13_1,Plateau,Pankshin,196240,0.413344,80788
NGA.32.14_1,Plateau,Qua'anpa,221252,0.417112,90549
NGA.32.15_1,Plateau,Riyom,154546,0.302109,46760
NGA.32.16_1,Plateau,Shendam,251442,0.437681,110340
NGA.32.17_1,Plateau,Wase,280969,0.553969,161185
NGA.33.1_1,Rivers,Abua/Odu,316798,0.0927481,25463
NGA.33.2_1,Rivers,Ahoada East,183348,0.0578282,10015
NGA.33.3_1,Rivers,Ahoada West,270004,0.0516619,11564
NGA.33.4_1,Rivers,Akukutor,55766,0.242846,12630
NGA.33.5_1,Rivers,Andoni/O,136205,0.210137,25826
NGA.33.6_1,Rivers,Asari-To,172805,0.0842395,14809
NGA.33.7_1,Rivers,Bonny,247124,0.172888,26421
NGA.33.8_1,Rivers,Degema,281488,0.237719,46431
NGA.33.9_1,Rivers,Eleme,203851,0.425921,75236
NGA.33.10_1,Rivers,Emuoha,253344,0.135921,33227
NGA.33.11_1,Rivers,Etche,194683,0.135812,26461
NGA.33.12_1,Rivers,Gokana,229096,0.377893,100813
NGA.33.13_1,Rivers,Ikwerre,248595,0.152913,35759
NGA.33.14_1,Rivers,Khana,354822,0.437955,153040
NGA.33.15_1,Rivers,Obio/Akp,776208,0.0507827,30186
NGA.33.16_1,Rivers,Ogba/Egbe,307756,0.024444,5554
NGA.33.17_1,Rivers,Ogu/Bolo,21424,0.638137,12087
NGA.33.18_1,Rivers,Okrika,170961,0.452848,43415
NGA.33.19_1,Rivers,Omumma,141984,0.129782,18694
NGA.33.20_1,Rivers,Opobo/Nkoro,156934,0.325261,51011
NGA.33.21_1,Rivers,Oyigbo,212721,0.355238,41499
NGA.33.22_1,Rivers,Port Harcourt,646054,0.126685,41799
NGA.33.23_1,Rivers,Tai,110880,0.592875,70666
NGA.34.1_1,Sokoto,Binji,120902,0.202432,26792
NGA.34.2_1,Sokoto,Bodinga,179892,0.11601,16347
NGA.34.3_1,Sokoto,Dange-Shuni,130253,0.168983,16558
NGA.34.4_1,Sokoto,Gada,199241,0.294173,58141
NGA.34.5_1,Sokoto,Goronyo,207245,0.219738,42753
NGA.34.6_1,Sokoto,Gudu,152447,0.329715,45754
NGA.34.7_1,Sokoto,Gwadabaw,344099,0.149638,35390
NGA.34.8_1,Sokoto,Illela,291648,0.293193,87394
NGA.34.9_1,Sokoto,Isa,175207,0.312675,56325
NGA.34.10_1,Sokoto,Kebbe,156700,0.348485,53491
NGA.34.11_1,Sokoto,Kware,186419,0.0691704,9282
NGA.34.12_1,Sokoto,Rabah,228453,0.260651,53827
NGA.34.13_1,Sokoto,Sabon Birni,243107,0.238622,54107
NGA.34.14_1,Sokoto,Shagari,120308,0.295899,35798
NGA.34.15_1,Sokoto,Silame,72201,0.193703,14761
NGA.34.16_1,Sokoto,Sokoto North,246991,0.0099191,1496
NGA.34.17_1,Sokoto,Sokoto South,62355,0.0305739,1052
NGA.34.18_1,Sokoto,Tambawal,250062,0.368417,97606
NGA.34.19_1,Sokoto,Tangazar,156102,0.142696,23170
NGA.34.20_1,Sokoto,Tureta,46583,0.327561,14192
NGA.34.21_1,Sokoto,Wamakko,688634,0.0586992,8226
NGA.34.22_1,Sokoto,Wurno,124398,0.118911,11827
NGA.34.23_1,Sokoto,Yabo,206860,0.248845,49245
NGA.35.1_1,Taraba,Ardo-Kola,250122,0.731004,135630
NGA.35.2_1,Taraba,Bali,238967,0.469564,114656
NGA.35.3_1,Taraba,Donga,158358,0.453901,70205
NGA.35.4_1,Taraba,Gashaka,101986,0.540691,51503
NGA.35.5_1,Taraba,Gassol,306767,0.652584,200613
NGA.35.6_1,Taraba,Ibi,107056,0.416199,44439
NGA.35.7_1,Taraba,Jalingo,90366,0.46063,32493
NGA.35.8_1,Taraba,Karim-La,287002,0.500262,130297
NGA.35.9_1,Taraba,Kurmi,122448,0.487367,57679
NGA.35.10_1,Taraba,Lau,120378,0.50367,60680
NGA.35.11_1,Taraba,Sardauna,264393,0.55223,140969
NGA.35.12_1,Taraba,Takum,100368,0.531995,50678
NGA.35.13_1,Taraba,Ussa,164908,0.492803,79369
NGA.35.14_1,Taraba,Wukari,302701,0.432448,99391
NGA.35.15_1,Taraba,Yorro,151657,0.502966,71601
NGA.35.16_1,Taraba,Zing,113311,0.494821,56127
NGA.8.19_1,Borno,Lake chad,11716,0.41364,1629
NGA.36.1_1,Yobe,Bade,108816,0.616003,64023
NGA.36.2_1,Yobe,Borsari,156869,0.529983,76356
NGA.36.3_1,Yobe,Damaturu,135163,0.391469,39846
NGA.36.4_1,Yobe,Fika,140461,0.605258,86947
NGA.36.5_1,Yobe,Fune,348672,0.568733,199737
NGA.36.6_1,Yobe,Geidam,196185,0.574466,113184
NGA.36.7_1,Yobe,Gujba,157069,0.479101,75560
NGA.36.8_1,Yobe,Gulani,128190,0.370623,46834
NGA.36.9_1,Yobe,Jakusko,285971,0.639741,185267
NGA.36.10_1,Yobe,Karasuwa,173463,0.557885,72586
NGA.36.11_1,Yobe,Machina,83831,0.507889,41594
NGA.36.12_1,Yobe,Nangere,254612,0.637587,125768
NGA.36.13_1,Yobe,Nguru,232600,0.372808,64844
NGA.36.14_1,Yobe,Potiskum,144133,0.556881,65034
NGA.36.15_1,Yobe,Tarmuwa,90167,0.463287,42031
NGA.36.16_1,Yobe,Yunusari,154782,0.588114,88575
NGA.36.17_1,Yobe,Yusufari,185101,0.50789,89420
NGA.37.1_1,Zamfara,Anka,153799,0.545495,83843
NGA.37.2_1,Zamfara,Bakura,361747,0.404085,142095
NGA.37.3_1,Zamfara,Birnin-Magaji/Kiyaw,196961,0.539135,108285
NGA.37.4_1,Zamfara,Bukkuyum,238762,0.483281,114560
NGA.37.5_1,Zamfara,Bungudu,223876,0.585332,128749
NGA.37.6_1,Zamfara,Gummi,310861,0.397838,121019
NGA.37.7_1,Zamfara,Gusau,632738,0.507022,238909
NGA.37.8_1,Zamfara,Kaura-Na,327387,0.549805,167428
NGA.37.9_1,Zamfara,Maradun,222621,0.442796,98334
NGA.37.10_1,Zamfara,Maru,449533,0.502184,227452
NGA.37.11_1,Zamfara,Shinkafi,220070,0.390775,84238
NGA.37.12_1,Zamfara,Talata-Mafara,131298,0.554036,72134
NGA.37.13_1,Zamfara,Tsafe,333706,0.565074,186716
NGA.37.14_1,Zamfara,Zurmi,291140,0.486278,144487